variable,method,age,education_num,hours_per_week
age,pearson,1.0,0.03762295179960289,0.10199224478154899
education_num,pearson,0.03762295179960289,1.0,0.1462062376652616
hours_per_week,pearson,0.10199224478154899,0.1462062376652616,1.0
age,spearman,1.0,0.06717055828601903,0.15748435857896775
education_num,spearman,0.06717055828601903,1.0,0.1654238170939047
hours_per_week,spearman,0.15748435857896775,0.1654238170939047,1.0
